{
  "M_loss": 5.747025565225218e-13,
  "Q_pr_used": 1.0,
  "T_M_used": 1950.0,
  "beta_at_smin": 2.4453158909882738e-05,
  "beta_threshold": 0.5,
  "case_status": "failed",
  "rho_used": 2500.0,
  "s_blow_m": 4.4015686037788933e-07,
  "s_min_config": 1e-07,
  "s_min_effective": 0.009000000000000001,
  "s_min_effective_gt_config": true
}