{
  "M_loss": 1.49070860437308e-12,
  "Q_pr_used": 1.0,
  "T_M_used": 1750.0,
  "beta_at_smin": 1.5861663033179917e-05,
  "beta_threshold": 0.5,
  "case_status": "failed",
  "rho_used": 2500.0,
  "s_blow_m": 2.8550993459723853e-07,
  "s_min_config": 1e-07,
  "s_min_effective": 0.009000000000000001,
  "s_min_effective_gt_config": true
}