{
  "M_loss": 2.1459804267551358e-13,
  "Q_pr_used": 1.0,
  "T_M_used": 1000.0,
  "beta_at_smin": 0.5,
  "beta_threshold": 0.5,
  "case_status": "blowout",
  "rho_used": 2500.0,
  "s_blow_m": 3.0441708978297824e-08,
  "s_min_config": 1e-07,
  "s_min_effective": 3.0441708978297824e-08,
  "s_min_effective_gt_config": false
}