{
  "M_loss": 4.423749167309936e-12,
  "Q_pr_used": 1.0,
  "T_M_used": 2050.0,
  "beta_at_smin": 2.986840069591105e-05,
  "beta_threshold": 0.5,
  "case_status": "failed",
  "rho_used": 2500.0,
  "s_blow_m": 5.37631212526399e-07,
  "s_min_config": 1e-07,
  "s_min_effective": 0.009000000000000001,
  "s_min_effective_gt_config": true
}