{
  "M_loss": 8.16739535937255e-12,
  "Q_pr_used": 1.0,
  "T_M_used": 2350.0,
  "beta_at_smin": 5.157841281560044e-05,
  "beta_threshold": 0.5,
  "case_status": "failed",
  "rho_used": 2500.0,
  "s_blow_m": 9.284114306808082e-07,
  "s_min_config": 1e-07,
  "s_min_effective": 0.009000000000000001,
  "s_min_effective_gt_config": true
}