{
  "M_loss": 2.9984454596522766e-13,
  "Q_pr_used": 1.0,
  "T_M_used": 2750.0,
  "beta_at_smin": 9.672245250678352e-05,
  "beta_threshold": 0.5,
  "case_status": "failed",
  "rho_used": 2500.0,
  "s_blow_m": 1.7410041451221034e-06,
  "s_min_config": 1e-07,
  "s_min_effective": 0.009000000000000001,
  "s_min_effective_gt_config": true
}