{
  "M_loss": 8.408467873605795e-12,
  "Q_pr_used": 1.0,
  "T_M_used": 1350.0,
  "beta_at_smin": 5.617351479560962e-06,
  "beta_threshold": 0.5,
  "case_status": "failed",
  "rho_used": 2500.0,
  "s_blow_m": 1.0111232663209732e-07,
  "s_min_config": 1e-07,
  "s_min_effective": 0.009000000000000001,
  "s_min_effective_gt_config": true
}