{
  "M_loss": 3.989084910337572e-13,
  "Q_pr_used": 1.0,
  "T_M_used": 1050.0,
  "beta_at_smin": 0.5,
  "beta_threshold": 0.5,
  "case_status": "blowout",
  "rho_used": 2500.0,
  "s_blow_m": 3.700208752380211e-08,
  "s_min_config": 1e-07,
  "s_min_effective": 3.700208752380211e-08,
  "s_min_effective_gt_config": false
}