{
  "M_loss": 4.281663255579157e-11,
  "M_loss_from_sinks": 0.0,
  "M_loss_from_sublimation": 0.0,
  "Q_pr_used": 0.6005381399246873,
  "T_M_source": "temps.T_M",
  "T_M_used": 1800.0,
  "beta_at_smin_config": 0.04548169677902505,
  "beta_at_smin_effective": 0.30026906996234365,
  "beta_threshold": 0.5,
  "case_status": "ok",
  "enforce_mass_budget": false,
  "rho_used": 3000.0,
  "s_blow_m": 2.663040701421494e-07,
  "s_min_components": {
    "blowout": 2.663040701421494e-07,
    "config": 1e-07,
    "effective": 2.663040701421494e-07,
    "sublimation": 0.0
  },
  "s_min_config": 1e-07,
  "s_min_effective": 2.663040701421494e-07,
  "s_min_effective_gt_config": true
}