{
  "M_loss": 0.0,
  "M_loss_from_sinks": 0.0,
  "M_loss_from_sublimation": 0.0,
  "Q_pr_used": 0.9999999999977902,
  "T_M_source": "temps.T_M",
  "T_M_used": 2400.0,
  "T_M_used[K]": 2400.0,
  "beta_at_smin": 0.35053962513439163,
  "beta_at_smin_config": 0.35053962513439163,
  "beta_at_smin_effective": 0.0031391605936132677,
  "beta_threshold": 0.5,
  "case_status": "ok",
  "enforce_mass_budget": false,
  "rho_used": 2500.0,
  "s_blow_m": 1.0099828437983739e-06,
  "s_min_components": {
    "blowout": 1.0099828437983739e-06,
    "config": 1e-07,
    "effective": 0.00016086829801746804,
    "sublimation": 0.00016086829801746804
  },
  "s_min_config": 1e-07,
  "s_min_effective": 0.00016086829801746804,
  "s_min_effective[m]": 0.00016086829801746804,
  "s_min_effective_gt_config": true
}