{
  "M_loss": 3.06330827838914e-09,
  "M_loss_from_sinks": 0.0,
  "M_loss_from_sublimation": 0.0,
  "M_loss_hydro_escape": 0.0,
  "M_loss_mean_per_orbit": 3.06330827838914e-09,
  "M_loss_rp_mars": 3.06330827838914e-09,
  "M_loss_surface_solid_marsRP": 3.06330827838914e-09,
  "M_loss_tau_clip_spill": 0.0,
  "M_out_cum": 3.06330827838914e-09,
  "M_out_mean_per_orbit": 3.06330827838914e-09,
  "M_sink_cum": 0.0,
  "M_sink_mean_per_orbit": 0.0,
  "Q_pr_blow": 1.1210824471047154,
  "Q_pr_used": 0.24187033595848242,
  "Sigma_tau1_initial": 3227.410119485364,
  "T_M_final": 3999.847798104205,
  "T_M_initial": 3999.999999999998,
  "T_M_max": 3999.999999999998,
  "T_M_median": 3999.9238990521017,
  "T_M_min": 3999.847798104205,
  "T_M_source": "mars_temperature_driver.table",
  "T_M_used": 3999.847798104205,
  "T_M_used[K]": 3999.847798104205,
  "a_blow_max": 7.280570202738685e-06,
  "a_blow_median": 7.280015389135517e-06,
  "a_blow_min": 7.279460607252822e-06,
  "analysis_window_years": 2.0,
  "analysis_window_years_actual": 9.999999999999933e-05,
  "beta_at_smin_config": 7.854174217015112,
  "beta_at_smin_effective": 7.852614173114072,
  "beta_at_smin_max": 7.854174217015112,
  "beta_at_smin_median": 7.853394164130565,
  "beta_at_smin_min": 7.852614173114072,
  "beta_threshold": 0.5,
  "blowout_active": true,
  "blowout_gate_factor_max": 1.0,
  "blowout_gate_factor_median": 1.0,
  "blowout_gate_factor_min": 1.0,
  "blowout_gate_mode": "none",
  "case_status": "blowout",
  "chi_blow_eff": 0.5,
  "chi_blow_input": "auto",
  "collision_solver": "smol",
  "collisions_active": true,
  "config_source_path": "/Users/daichi/marsshearingsheet/configs/sweep_temp_supply/temp_supply_T4000_eps1.yml",
  "dt_over_t_blow_median": 0.008324498809692528,
  "early_stop_reason": null,
  "early_stop_time_s": null,
  "effective_prod_rate_kg_m2_s": 1e-10,
  "enforce_mass_budget": false,
  "inner_disk_scope": true,
  "kappa_eff_initial": 0.00024787677127552864,
  "kappa_surf_initial": 0.00024787677127552864,
  "mass_budget_max_error_percent": 0.4977692954868619,
  "orbits_completed": 1,
  "phase_branching": {
    "enabled": false,
    "entrypoint": "siO2_disk_cooling.siO2_cooling_map:lookup_phase_state",
    "phase_method_usage_time_s": {
      "disabled": 3155.759999999979
    },
    "phase_temperature_formula": "T_p = T_M * q_abs_mean^0.25 * sqrt(R_M/(2 r))",
    "phase_usage_time_s": {
      "solid": 3155.759999999979
    },
    "q_abs_mean": 0.4,
    "sink_branch_usage_time_s": {
      "rp_blowout": 3155.759999999979
    },
    "source": "disabled",
    "temperature_input": "mars_surface"
  },
  "phi_table_path": null,
  "physics": {
    "mode": "default",
    "source": "config"
  },
  "physics_mode": "default",
  "physics_mode_source": "config",
  "primary_process": "combined",
  "primary_scenario": "combined",
  "process_overview": {
    "blowout_active": true,
    "collision_solver": "smol",
    "collisions_active": true,
    "gas_drag_sink_active": false,
    "primary_field_explicit": true,
    "primary_process_cfg": "default",
    "primary_process_resolved": "combined",
    "primary_scenario": "combined",
    "rp_blowout_enabled": true,
    "shielding_auto_max_active": false,
    "shielding_mode": "fixed_tau1",
    "sink_timescale_active": false,
    "sinks_active": true,
    "sinks_enabled_cfg": true,
    "sinks_mode": "sublimation",
    "sublimation_dsdt_active": true,
    "sublimation_sink_active": true,
    "supply_enabled": true,
    "supply_feedback_enabled": true,
    "supply_headroom_policy": "clip",
    "supply_mode": "const",
    "supply_reservoir_depletion_time_s": null,
    "supply_reservoir_enabled": false,
    "supply_reservoir_fraction_final": null,
    "supply_reservoir_mass_total_Mmars": null,
    "supply_reservoir_mass_used_Mmars": null,
    "supply_reservoir_mode": "hard_stop",
    "supply_reservoir_remaining_Mmars": null,
    "supply_reservoir_taper_fraction": 0.05,
    "supply_temperature_enabled": false,
    "supply_temperature_mode": "scale"
  },
  "qpr_table_path": "marsdisk/io/data/qpr_planck_sio2_abbas_calibrated_lowT.csv",
  "r_RM_used": 1.85,
  "r_m_used": 6270575.0,
  "r_source": "disk.geometry",
  "radiation_field": "mars",
  "radiation_tau_gate": {
    "enabled": false,
    "tau_max": null
  },
  "rho_used": 3000.0,
  "s_blow_m": 7.279460607252822e-06,
  "s_min_components": {
    "blowout": 7.279460607252822e-06,
    "config": 1e-07,
    "effective": 1e-07,
    "floor_dynamic": 1e-07,
    "floor_mode": "none"
  },
  "s_min_config": 1e-07,
  "s_min_effective": 1e-07,
  "s_min_effective[m]": 1e-07,
  "s_min_effective_gt_config": false,
  "scope_limitations": {
    "active_physics": {
      "active_sinks": [
        "sublimation"
      ],
      "collisions_active": true,
      "physics_mode": "default",
      "primary_scenario": "combined",
      "rp_blowout_active": true,
      "sinks_active": true,
      "sublimation_active": true,
      "wyatt_collisional_timescale_active": false
    },
    "limitations": [
      "Inner-disk only; outer or highly eccentric debris is out of scope.",
      "Radiation pressure source is fixed to Mars; solar/other external sources are ignored even when requested.",
      "Time horizon is short (~2 yr); long-term tidal or viscous evolution is not modelled.",
      "Collisional cascade and sublimation are toggled via physics_mode switches rather than a fully coupled solver.",
      "Assumes an optically thick inner surface with tau<=1 clipping; vertical/outer tenuous structure is not resolved.",
      "PSD uses a three-slope core with optional wavy correction and blow-out/sublimation floors; no self-consistent halo is evolved."
    ],
    "scope": {
      "analysis_window_years": 2.0,
      "inner_disk_scope": true,
      "inner_disk_scope_mode": "optically_thick_surface_only",
      "radiation_source": "mars",
      "reference_radius_m": 6270575.0,
      "reference_radius_source": "disk.geometry",
      "region": "inner",
      "shielding_mode": "fixed_tau1",
      "solar_radiation_enabled": false,
      "solar_radiation_requested": false,
      "tau_gate": {
        "enabled": false,
        "mode": "off",
        "tau_max": null
      },
      "time_grid_summary": {
        "dt_mode": "explicit",
        "dt_nominal_s": 10.0,
        "dt_s": 9.986582278481013,
        "early_stop_reason": null,
        "early_stop_step": null,
        "n_steps": 316,
        "t_end_actual_s": 3155.759999999979,
        "t_end_s": 3155.76,
        "t_start_s": 0.0,
        "terminated_early": false
      }
    }
  },
  "shielding_auto_max_active": false,
  "shielding_auto_max_margin": 0.05,
  "shielding_fixed_tau1_mode": "auto",
  "shielding_mode": "fixed_tau1",
  "sigma_surf_initial": 3227.410119485364,
  "sinks_active": true,
  "solar_radiation": {
    "enabled": false,
    "note": "Solar radiation disabled (Mars-only scope)",
    "requested": false
  },
  "state_phase_tag": null,
  "state_tagging_enabled": false,
  "streaming": {
    "compression": "snappy",
    "diagnostics_chunks": [
      "tmp_debug/feedback_check/series/diagnostics_chunk_000000000_000000315.parquet"
    ],
    "enabled": true,
    "mass_budget_path": "tmp_debug/feedback_check/checks/mass_budget.csv",
    "memory_limit_gb": 20.0,
    "merge_at_end": true,
    "psd_chunks": [
      "tmp_debug/feedback_check/series/psd_hist_chunk_000000000_000000315.parquet"
    ],
    "run_chunks": [
      "tmp_debug/feedback_check/series/run_chunk_000000000_000000315.parquet"
    ],
    "step_flush_interval": 10000
  },
  "streaming_merge_completed": true,
  "sublimation_active": true,
  "sublimation_location": "smol",
  "supply_blocked_fraction": 0.9588607594936709,
  "supply_clip_time_fraction": 0.958860759493671,
  "supply_clipping": {
    "blocked_fraction": 0.9588607594936709,
    "clip_factor_max": 1.0000000000000002,
    "clip_factor_median": 0.0,
    "clip_factor_min": 0.0,
    "clip_time_fraction": 0.958860759493671,
    "headroom_max": 149.12518708583275,