{
  "M_loss": 8.583061366744515e-13,
  "Q_pr_used": 1.0,
  "T_M_used": 3650.0,
  "beta_at_smin": 0.0003001704819505435,
  "beta_threshold": 0.5,
  "case_status": "failed",
  "rho_used": 2500.0,
  "s_blow_m": 5.403068675109783e-06,
  "s_min_config": 1e-07,
  "s_min_effective": 0.009000000000000001,
  "s_min_effective_gt_config": true
}