{
  "M_loss": 1.6454468420724273e-11,
  "M_loss_from_sinks": 0.0,
  "M_loss_from_sublimation": 0.0,
  "Q_pr_used": 0.7467382680357395,
  "T_M_source": "temps.T_M",
  "T_M_used": 2000.0,
  "T_M_used[K]": 2000.0,
  "beta_at_smin": 0.06932128757662712,
  "beta_at_smin_config": 0.06932128757662712,
  "beta_at_smin_effective": 0.37336913401786975,
  "beta_threshold": 0.5,
  "case_status": "ok",
  "enforce_mass_budget": false,
  "rho_used": 3000.0,
  "s_blow_m": 4.05889453043971e-07,
  "s_min_components": {
    "blowout": 4.05889453043971e-07,
    "config": 1e-07,
    "effective": 4.05889453043971e-07,
    "sublimation": 0.0
  },
  "s_min_config": 1e-07,
  "s_min_effective": 4.05889453043971e-07,
  "s_min_effective[m]": 4.05889453043971e-07,
  "s_min_effective_gt_config": true
}