{
  "M_loss": 5.745257908487917e-12,
  "Q_pr_used": 1.0,
  "T_M_used": 2150.0,
  "beta_at_smin": 3.613685593635888e-05,
  "beta_threshold": 0.5,
  "case_status": "failed",
  "rho_used": 2500.0,
  "s_blow_m": 6.504634068544598e-07,
  "s_min_config": 1e-07,
  "s_min_effective": 0.009000000000000001,
  "s_min_effective_gt_config": true
}