{
  "M_loss": 6.402962607652502e-13,
  "Q_pr_used": 1.0,
  "T_M_used": 2550.0,
  "beta_at_smin": 7.150843056308659e-05,
  "beta_threshold": 0.5,
  "case_status": "failed",
  "rho_used": 2500.0,
  "s_blow_m": 1.2871517501355588e-06,
  "s_min_config": 1e-07,
  "s_min_effective": 0.009000000000000001,
  "s_min_effective_gt_config": true
}