{
  "M_loss": 4.9691260049563115e-12,
  "Q_pr_used": 1.0,
  "T_M_used": 4650.0,
  "beta_at_smin": 0.0007906938051753725,
  "beta_threshold": 0.5,
  "case_status": "failed",
  "rho_used": 2500.0,
  "s_blow_m": 1.4232488493156707e-05,
  "s_min_config": 1e-07,
  "s_min_effective": 0.009000000000000001,
  "s_min_effective_gt_config": true
}