{
  "M_loss": 6.3640264061225145e-12,
  "Q_pr_used": 1.0,
  "T_M_used": 5850.0,
  "beta_at_smin": 0.001980705871700502,
  "beta_threshold": 0.5,
  "case_status": "failed",
  "rho_used": 2500.0,
  "s_blow_m": 3.5652705690609034e-05,
  "s_min_config": 1e-07,
  "s_min_effective": 0.009000000000000001,
  "s_min_effective_gt_config": true
}