{
  "M_loss": 3.991623868473795e-13,
  "Q_pr_used": 1.0,
  "T_M_used": 2900.0,
  "beta_at_smin": 0.00011961579093266367,
  "beta_threshold": 0.5,
  "case_status": "failed",
  "rho_used": 2500.0,
  "s_blow_m": 2.1530842367879462e-06,
  "s_min_config": 1e-07,
  "s_min_effective": 0.009000000000000001,
  "s_min_effective_gt_config": true
}