{
  "M_loss": 5.948024280563828e-12,
  "Q_pr_used": 1.0,
  "T_M_used": 1850.0,
  "beta_at_smin": 1.9809952687665145e-05,
  "beta_threshold": 0.5,
  "case_status": "failed",
  "rho_used": 2500.0,
  "s_blow_m": 3.565791483779727e-07,
  "s_min_config": 1e-07,
  "s_min_effective": 0.009000000000000001,
  "s_min_effective_gt_config": true
}