{
  "M_loss": 0.0,
  "M_loss_from_sinks": 0.0,
  "M_loss_from_sublimation": 0.0,
  "Q_pr_used": 0.9482475767462513,
  "T_M_source": "temps.T_M",
  "T_M_used": 2100.0,
  "T_M_used[K]": 2100.0,
  "beta_at_smin": 0.12488664974218207,
  "beta_at_smin_config": 0.12488664974218207,
  "beta_at_smin_effective": 0.47412378837312563,
  "beta_threshold": 0.5,
  "case_status": "ok",
  "enforce_mass_budget": false,
  "rho_used": 2500.0,
  "s_blow_m": 5.920334003808338e-07,
  "s_min_components": {
    "blowout": 5.920334003808338e-07,
    "config": 1e-07,
    "effective": 5.920334003808338e-07,
    "sublimation": 0.0
  },
  "s_min_config": 1e-07,
  "s_min_effective": 5.920334003808338e-07,
  "s_min_effective[m]": 5.920334003808338e-07,
  "s_min_effective_gt_config": true
}