{
  "M_loss": 0.0,
  "M_loss_from_sinks": 0.0,
  "M_loss_from_sublimation": 0.0,
  "Q_pr_used": 0.5879151468920107,
  "T_M_source": "temps.T_M",
  "T_M_used": 1700.0,
  "T_M_used[K]": 1700.0,
  "beta_at_smin": 0.04342337444765605,
  "beta_at_smin_config": 0.04342337444765605,
  "beta_at_smin_effective": 0.29395757344600537,
  "beta_threshold": 0.5,
  "case_status": "ok",
  "enforce_mass_budget": false,
  "rho_used": 2500.0,
  "s_blow_m": 2.5425219755764125e-07,
  "s_min_components": {
    "blowout": 2.5425219755764125e-07,
    "config": 1e-07,
    "effective": 2.5425219755764125e-07,
    "sublimation": 0.0
  },
  "s_min_config": 1e-07,
  "s_min_effective": 2.5425219755764125e-07,
  "s_min_effective[m]": 2.5425219755764125e-07,
  "s_min_effective_gt_config": true
}