{
  "M_loss": 4.83230343996816e-11,
  "M_loss_from_sinks": 4.8323034369382544e-11,
  "M_loss_from_sublimation": 4.8323034369382544e-11,
  "Q_pr_used": 1.0,
  "T_M_source": "temps.T_M",
  "T_M_used": 4500.0,
  "beta_at_smin_config": 24.707482441699298,
  "beta_at_smin_effective": 0.0005779168188848727,
  "beta_threshold": 0.5,
  "case_status": "blowout",
  "enforce_mass_budget": false,
  "rho_used": 3000.0,
  "s_blow_m": 1.040250273992771e-05,
  "s_min_components": {
    "blowout": 1.040250273992771e-05,
    "config": 1e-07,
    "effective": 0.009000000000000001,
    "sublimation": 10020.859861666127
  },
  "s_min_config": 1e-07,
  "s_min_effective": 0.009000000000000001,
  "s_min_effective_gt_config": true
}