{
  "M_loss": 7.465029967099419e-12,
  "Q_pr_used": 1.0,
  "T_M_used": 3250.0,
  "beta_at_smin": 0.00018868178171205818,
  "beta_threshold": 0.5,
  "case_status": "failed",
  "rho_used": 2500.0,
  "s_blow_m": 3.3962720708170477e-06,
  "s_min_config": 1e-07,
  "s_min_effective": 0.009000000000000001,
  "s_min_effective_gt_config": true
}