case_dir,time_final_s,M_loss_cum_final,M_out_dot,M_sink_dot,dM_dt_surface_total,Omega_s,t_blow_s,t_orb_s,dt_s,dt_over_t_blow,fast_blowout_ratio,fast_blowout_factor,fast_blowout_corrected,fast_blowout_flag_gt3,fast_blowout_flag_gt10,dSigma_dt_blowout,dSigma_dt_sinks,dSigma_dt_total,n_substeps,chi_blow_eff,fast_blowout_factor_avg,tau_final,s_min_series,s_min_summary,beta_at_smin_effective,beta_threshold,case_status,r_over_RM,r_m,flag_dt_over_t_blow_gt3,flag_dt_over_t_blow_gt10
/Users/daichi/marsshearingsheet/analysis/radius_sweep/r_1.400RM,63115200.0,7.090875983346479e-09,0.0,0.0,0.0,0.0006331064739428115,1579.5131485108302,9924.373807220216,63115.2,39.95864172419533,39.95864172419533,1.0,False,True,True,,,,1,,,0.0,1e-06,1e-06,0.49315433268241,0.5,ok,1.4,4745300.0,True,True
/Users/daichi/marsshearingsheet/analysis/radius_sweep/r_1.600RM,63115200.0,7.114916064969008e-09,0.0,0.0,0.0,0.0005181897688718022,1929.7949517166082,12125.259286495133,63115.2,32.70565090029757,32.70565090029757,0.9999999999999938,False,True,True,,,,1,,,0.0,1e-06,1e-06,0.49315433268241,0.5,ok,1.6,5423200.0,True,True
/Users/daichi/marsshearingsheet/analysis/radius_sweep/r_1.800RM,63115200.0,7.140151967108241e-09,0.0,0.0,0.0,0.0004342702216423598,2302.713725611016,14468.377047399901,63115.2,27.409051893001866,27.409051893001866,0.9999999999987514,False,True,True,,,,1,,,0.0,1e-06,1e-06,0.49315433268241,0.5,ok,1.8,6101100.0,True,True
/Users/daichi/marsshearingsheet/analysis/radius_sweep/r_2.000RM,63115200.0,7.166442067103144e-09,0.0,0.0,0.0,0.0003707864155015214,2696.9704341714128,16945.56500588357,63115.2,23.40225877166162,23.40225877166162,0.9999999999313678,False,True,True,,,,1,,,0.0,1e-06,1e-06,0.49315433268241,0.5,ok,2.0,6779000.0,True,True
/Users/daichi/marsshearingsheet/analysis/radius_sweep/r_2.200RM,63115200.0,7.193662642873579e-09,0.0,0.0,0.0,0.0003213917961647023,3111.467100073501,19549.9243669545,63115.2,20.284707493294416,20.284707493294416,0.9999999984495297,False,True,True,,,,1,,,0.0,1e-06,1e-06,0.49315433268241,0.5,ok,2.2,7456900.000000001,True,True
