{
  "M_loss": 7.094286916637624e-13,
  "Q_pr_used": 1.0,
  "T_M_used": 4750.0,
  "beta_at_smin": 0.000860936188316135,
  "beta_threshold": 0.5,
  "case_status": "failed",
  "rho_used": 2500.0,
  "s_blow_m": 1.5496851389690433e-05,
  "s_min_config": 1e-07,
  "s_min_effective": 0.009000000000000001,
  "s_min_effective_gt_config": true
}