{
  "M_loss": 4.783833928622582e-12,
  "Q_pr_used": 1.0,
  "T_M_used": 3850.0,
  "beta_at_smin": 0.00037156897355005954,
  "beta_threshold": 0.5,
  "case_status": "failed",
  "rho_used": 2500.0,
  "s_blow_m": 6.6882415239010725e-06,
  "s_min_config": 1e-07,
  "s_min_effective": 0.009000000000000001,
  "s_min_effective_gt_config": true
}