{
  "M_loss": 3.477320502219726e-13,
  "Q_pr_used": 1.0,
  "T_M_used": 3450.0,
  "beta_at_smin": 0.000239592326686758,
  "beta_threshold": 0.5,
  "case_status": "failed",
  "rho_used": 2500.0,
  "s_blow_m": 4.312661880361645e-06,
  "s_min_config": 1e-07,
  "s_min_effective": 0.009000000000000001,
  "s_min_effective_gt_config": true
}