{
  "M_loss": 5.157915928111375e-12,
  "Q_pr_used": 1.0,
  "T_M_used": 1600.0,
  "beta_at_smin": 1.1083487997787367e-05,
  "beta_threshold": 0.5,
  "case_status": "failed",
  "rho_used": 2500.0,
  "s_blow_m": 1.9950278396017264e-07,
  "s_min_config": 1e-07,
  "s_min_effective": 0.009000000000000001,
  "s_min_effective_gt_config": true
}