{
  "M_loss": 2.5550061747298775e-13,
  "Q_pr_used": 1.0,
  "T_M_used": 3550.0,
  "beta_at_smin": 0.00026860242974004867,
  "beta_threshold": 0.5,
  "case_status": "failed",
  "rho_used": 2500.0,
  "s_blow_m": 4.834843735320876e-06,
  "s_min_config": 1e-07,
  "s_min_effective": 0.009000000000000001,
  "s_min_effective_gt_config": true
}