{
  "M_loss": 5.35020221795829e-12,
  "Q_pr_used": 1.0,
  "T_M_used": 2450.0,
  "beta_at_smin": 6.093416470826397e-05,
  "beta_threshold": 0.5,
  "case_status": "failed",
  "rho_used": 2500.0,
  "s_blow_m": 1.0968149647487516e-06,
  "s_min_config": 1e-07,
  "s_min_effective": 0.009000000000000001,
  "s_min_effective_gt_config": true
}